title,my_rating,authors,publisher,publishedDate,pageCount,categories,averageRating,ratingsCount,description,thumbnail,infoLink
Diary of a Wimpy Kid 3 : The Last Stra,2.5,Jeff Kinney,Puffin Books,06-10-2009,224,Children's stories,4.5,15,"Greg's dad, Frank, is on a mission - a mission to make this wimpy kid, well, less wimpy. All manner of 'manly' physical activities are planned, but Greg just about manages to find a way out of them. That is until military academy is mentioned and Greg realizes that he's going to have to come up with something very special to get out of this one.",,http://books.google.co.in/books?id=SuJWPwAACAAJ&dq=isbn:9780141324920&hl=&source=gbs_api
The Ugly Truth,3,Jeff Kinney,Puffin Books,2012,217,Juvenile Fiction,5,1,"Diary of a Wimpy Kid: The Ugly Truth is the massively funny fifth title in the highly-illustrated, bestselling and award-winning Diary of a Wimpy Kid series by Jeff Kinney. Perfect for both boys and girls of 8+, reluctant readers and all the millions of devoted Wimpy Kid fans out there. You can also discover Greg on the big screen in any one of the three Wimpy Kid Movie box office smashes.The massively funny fifth book in the bestselling and award-winning Diary of a Wimpy Kid series.Greg Heffley has always been in a hurry to grow up. But is getting older really all it's cracked up to be?Suddenly Greg is dealing with the pressures of boy-girl parties, increased responsibilities, and even the awkward changes that come with getting older. And after a fight with his best friend Rowley, it looks like Greg is going to have to face the ""ugly truth"" all by himself . . .Praise for Jeff Kinney and the Diary of a Wimpy Kid series:'The world has gone crazy for Jeff Kinney's Diary of a Wimpy Kid series' - Sun'Kinney is right up there with J K Rowling as one of the bestselling children's authors on the planet' - Independent'Hilarious!' - Sunday Telegraph'The most hotly anticipated children's book of the year is here - Diary of a Wimpy Kid' - The Big IssueAs well as being an international bestselling author, Jeff Kinney is also an online developer and designer. He is the creator of the children's virtual world, poptropica where you can also find the Wimpy Kid boardwalk. He was named one of Time magazine's 100 Most Influential People in 2009. He lives with his family in Massachusetts, USA. www.wimpykidclub.co.uk",http://books.google.com/books/content?id=Xm8mYAAACAAJ&printsec=frontcover&img=1&zoom=1&source=gbs_api,http://books.google.co.in/books?id=Xm8mYAAACAAJ&dq=isbn:9780141340821&hl=&source=gbs_api
Dog Days,3,Jeff Kinney,Puffin Books,2011,214,Children's stories,4,8,"Diary of a Wimpy Kid: Dog Days is the super funny fourth title in the highly-illustrated, bestselling and award-winning Diary of a Wimpy Kid series by Jeff Kinney. Perfect for both boys and girls of 8+, reluctant readers and all the millions of devoted Wimpy Kid fans out there. Dog Days is also a major motion picture and box office smash.The fourth mega-selling instalment in the hilarious Diary of a Wimpy Kid series!The way I like to spend my summer holidays is in front of the TV, playing video games with the curtains closed and the light turned off.Unfortunately, Mom's idea of the perfect summer holiday is different from mine.Greg's mom has a vision of ""family togetherness"" that really doesn't sound a whole lot of fun.But there's a brand-new addition to the Heffley family to contend with and it looks like Greg might be outnumbered. It could be a real dog of a summer . . .Praise for Jeff Kinney and the Diary of a Wimpy Kid series:'The world has gone crazy for Jeff Kinney's Diary of a Wimpy Kid series' - Sun'Kinney is right up there with J K Rowling as one of the bestselling children's authors on the planet' - Independent'Hilarious!' - Sunday Telegraph'The most hotly anticipated children's book of the year is here - Diary of a Wimpy Kid' - The Big IssueAs well as being an international bestselling author, Jeff Kinney is also an online developer and designer. He is the creator of the children's virtual world, poptropica where you can also find the Wimpy Kid boardwalk. He was named one of Time magazine's 100 Most Influential People in 2009. He lives with his family in Massachusetts, USA.",http://books.google.com/books/content?id=XMJ-QwAACAAJ&printsec=frontcover&img=1&zoom=1&source=gbs_api,http://books.google.co.in/books?id=XMJ-QwAACAAJ&dq=isbn:9780141331973&hl=&source=gbs_api
Hard Luck,2.5,Jeff Kinney,Puffin Books,2013,0,Bullying,,,"Greg Heffley's on a losing streak. His best friend, Rowley Jefferson, has ditched him, and finding new friends in middle school is proving to be a tough task. To change his fortunes, Greg decides to take a leap of faith and turn his decisions over to chance. Will a roll of the dice turn things around, or is Greg's life destined to be just another hard-luck story?",http://books.google.com/books/content?id=Vde2mgEACAAJ&printsec=frontcover&img=1&zoom=1&source=gbs_api,http://books.google.co.in/books?id=Vde2mgEACAAJ&dq=isbn:9780141350677&hl=&source=gbs_api
Rodrick Rules,3,Jeff Kinney,Puffin Books,01-01-2009,216,Brothers,4.5,16,"Rodrick Rules is the hilarious sequel to bestselling and award-winning Diary of a Wimpy Kid. Perfect for readers of 8+, reluctant readers and all the millions of Wimpy Kid fans out there. Rodrick Rules was also a major movie hit at the box-office and the rib-tickling third Wimpy Kid movie, Dog Days released in the UK in August 2012!Whatever you do, don't ask Greg about his summer vacation because he definitely doesn't want to talk about it . . .It's a brand-new year and a brand-new journal and Greg is keen to put the humiliating (and secret!) events of last summer firmly behind him. But someone knows everything - someone whose job it is to most definitely not keep anything embarrassing of Greg's private - his big brother, Rodrick. How can Greg make it through this new school year with his not-quite-cool reputation intact?Praise for Jeff Kinney and the Diary of a Wimpy Kid series:'The world has gone crazy for Jeff Kinney's Diary of a Wimpy Kid series' - Sun'Kinney is right up there with J K Rowling as one of the bestselling children's authors on the planet' - Independent'Hilarious!' - Sunday Telegraph'The most hotly anticipated children's book of the year is here - Diary of a Wimpy Kid' - The Big IssueAs well as being an international bestselling author, Jeff Kinney is also an online developer and designer. He is the creator of the children's virtual world, poptropica where you can also find the Wimpy Kid island. He was named one of Time magazine's 100 Most Influential People in 2009. He lives with his family in Massachusetts, USA. www.wimpykidclub.co.uk",http://books.google.com/books/content?id=GYDFPQAACAAJ&printsec=frontcover&img=1&zoom=1&source=gbs_api,http://books.google.co.in/books?id=GYDFPQAACAAJ&dq=isbn:9780141324913&hl=&source=gbs_api
Diary of a Wimpy Kid,2.5,Jeff Kinney,Puffin Books,2007,228,Juvenile Fiction,4,85,"Greg Heffley finds himself thrust into a new year and a new school where undersize weaklings share the corridors with kids who are taller, meaner and already shaving. Greg is happy to have his sidekick, Rowley, along for the ride. When Rowley's star starts to rise, Greg tries to use his best friend's popularity to his own advantage.",http://books.google.com/books/content?id=Ln4HejRlMXYC&printsec=frontcover&img=1&zoom=1&edge=curl&source=gbs_api,http://books.google.co.in/books?id=Ln4HejRlMXYC&dq=isbn:9780141324906&hl=&source=gbs_api
Night of the Living Dummy II,3.5,R. L. Stine,Scholastic Paperbacks,1995,120,Juvenile Fiction,,,"Amy gets a new ventriloquist dummy, Slappy, and horrible things start happening.",http://books.google.com/books/content?id=E4SdPwAACAAJ&printsec=frontcover&img=1&zoom=1&source=gbs_api,http://books.google.co.in/books?id=E4SdPwAACAAJ&dq=isbn:9780590483490&hl=&source=gbs_api
Welcome to Dead House,3.5,R. L. Stine,Scholastic Paperbacks,1992,148,Juvenile Fiction,4,5,"After moving to Dark Falls, Amanda and Josh learn the horrible truth about the town.",http://books.google.com/books/content?id=Asl0VCoBDu0C&printsec=frontcover&img=1&zoom=1&source=gbs_api,http://books.google.co.in/books?id=Asl0VCoBDu0C&dq=isbn:9780590453653&hl=&source=gbs_api
The Haunted School,3.5,R. L. Stine,Scholastic Paperbacks,01-10-2005,120,Juvenile Fiction,,,"While lost in a maze of empty classrooms in his new school, Tommy Frazer begins to hear the voices of kids crying for help from behind the walls.",http://books.google.com/books/content?id=VR8LngEACAAJ&printsec=frontcover&img=1&zoom=1&source=gbs_api,http://books.google.co.in/books?id=VR8LngEACAAJ&dq=isbn:9780439774758&hl=&source=gbs_api
Goosebumps,3,R. L. Stine,Scholastic Paperbacks,1992,,Horror tales,,,"Five of the best-selling Goosebumps books with their original covers, in an exclusive retro collector's tin.",http://books.google.com/books/content?id=NM3ftAEACAAJ&printsec=frontcover&img=1&zoom=1&source=gbs_api,http://books.google.co.in/books?id=NM3ftAEACAAJ&dq=isbn:9780590477383&hl=&source=gbs_api
The Curse of Camp Cold Lake,3,R. L. Stine,Scholastic Paperbacks,1997,114,Juvenile Fiction,,,"Nobody at camp wants to be Sarah's water sports buddy--nobody except Della, a ghost who wants Sarah to be buddies with her forever!",http://books.google.com/books/content?id=Ky_QngEACAAJ&printsec=frontcover&img=1&zoom=1&source=gbs_api,http://books.google.co.in/books?id=Ky_QngEACAAJ&dq=isbn:9780590568937&hl=&source=gbs_api
Night of the Living Dummy III,3,R. L. Stine,Scholastic Paperbacks,1996,148,Juvenile Fiction,4,2,"Trina O'Dell's dad has lots of dummies in the attic from his old ventriloquist act, but now there are voices in the attic and dummies keep showing up in the strangest places.",http://books.google.com/books/content?id=wJqISIetIlkC&printsec=frontcover&img=1&zoom=1&source=gbs_api,http://books.google.co.in/books?id=wJqISIetIlkC&dq=isbn:9780590568777&hl=&source=gbs_api
Harry Potter and the Chamber of Secrets,3,J. K. Rowling,Bloomsbury Publishing,01-01-2014,373,Juvenile Fiction,,,"Celebrate 20 years of Harry Potter magic! Harry Potter's summer has included the worst birthday ever, doomy warnings from a house-elf called Dobby, and rescue from the Dursleys by his friend Ron Weasley in a magical flying car! Back at Hogwarts School of Witchcraft and Wizardry for his second year, Harry hears strange whispers echo through empty corridors - and then the attacks start. Students are found as though turned to stone ... Dobby's sinister predictions seem to be coming true.These new editions of the classic and internationally bestselling, multi-award-winning series feature instantly pick-up-able new jackets by Jonny Duddle, with huge child appeal, to bring Harry Potter to the next generation of readers. It's time to PASS THE MAGIC ON ...",http://books.google.com/books/content?id=SJnHBAAAQBAJ&printsec=frontcover&img=1&zoom=1&source=gbs_api,http://books.google.co.in/books?id=SJnHBAAAQBAJ&dq=isbn:9781408855669&hl=&source=gbs_api
Harry Potter and the Prisoner of Azkaban,4,J. K. Rowling,Bloomsbury Publishing,01-09-2014,475,Juvenile Fiction,,,"Celebrate 20 years of Harry Potter magic! When the Knight Bus crashes through the darkness and screeches to a halt in front of him, it's the start of another far from ordinary year at Hogwarts for Harry Potter. Sirius Black, escaped mass-murderer and follower of Lord Voldemort, is on the run - and they say he is coming after Harry. In his first ever Divination class, Professor Trelawney sees an omen of death in Harry's tea leaves ... But perhaps most terrifying of all are the Dementors patrolling the school grounds, with their soul-sucking kiss.These new editions of the classic and internationally bestselling, multi-award-winning series feature instantly pick-up-able new jackets by Jonny Duddle, with huge child appeal, to bring Harry Potter to the next generation of readers. It's time to PASS THE MAGIC ON ...",http://books.google.com/books/content?id=XWswDQAAQBAJ&printsec=frontcover&img=1&zoom=1&source=gbs_api,http://books.google.co.in/books?id=XWswDQAAQBAJ&dq=isbn:9781408855676&hl=&source=gbs_api
Harry Potter and the Order of the Phoenix,4,J. K. Rowling,Bloomsbury Publishing,01-09-2014,815,Fiction,,,"Celebrate 20 years of Harry Potter magic! Dark times have come to Hogwarts. After the Dementors' attack on his cousin Dudley, Harry Potter knows that Voldemort will stop at nothing to find him. There are many who deny the Dark Lord's return, but Harry is not alone: a secret order gathers at Grimmauld Place to fight against the Dark forces. Harry must allow Professor Snape to teach him how to protect himself from Voldemort's savage assaults on his mind. But they are growing stronger by the day and Harry is running out of time.These new editions of the classic and internationally bestselling, multi-award-winning series feature instantly pick-up-able new jackets by Jonny Duddle, with huge child appeal, to bring Harry Potter to the next generation of readers. It's time to PASS THE MAGIC ON ...",http://books.google.com/books/content?id=p2swDQAAQBAJ&printsec=frontcover&img=1&zoom=1&source=gbs_api,http://books.google.co.in/books?id=p2swDQAAQBAJ&dq=isbn:9781408855690&hl=&source=gbs_api
Harry Potter and the Half-Blood Prince,1,J. K. Rowling,Bloomsbury Publishing,01-01-2014,557,Juvenile Fiction,5,3,"Fantasy. Endnu en gang skal Harry Potter tilbage til troldmandsskolen Hogwart efter at have tilbragt nogle kedelige uger hos sin plejefamilie. Han gl√¶der sig, men han ved heller ikke, hvilke uhyggelige oplevelser han har i vente",http://books.google.com/books/content?id=O2wwDQAAQBAJ&printsec=frontcover&img=1&zoom=1&source=gbs_api,http://books.google.co.in/books?id=O2wwDQAAQBAJ&dq=isbn:9781408855706&hl=&source=gbs_api
Harry Potter and the Deathly Hallows,3.5,J. K. Rowling,Bloomsbury Publishing,01-01-2014,638,Fiction,4.5,2,"Burdened with the dark, dangerous, and seemingly impossible task of locating and destroying Voldemort's remaining Horcruxes, Harry, feeling alone and uncertain about his future, struggles to find the inner strength he needs to follow the path set out before him.",http://books.google.com/books/content?id=I5nHBAAAQBAJ&printsec=frontcover&img=1&zoom=1&source=gbs_api,http://books.google.co.in/books?id=I5nHBAAAQBAJ&dq=isbn:9781408855713&hl=&source=gbs_api
Harry Potter and the Philosopher's Stone,3.5,J. K. Rowling,Bloomsbury Publishing,01-01-2014,345,Juvenile Fiction,5,1,"Harry Potter has never even heard of Hogwarts when the letters start dropping on the doormat at number four, Privet Drive. Addressed in green ink on yellowish parchment with a purple seal, they are swiftly confiscated by his grisly aunt and uncle. Then, on Harry's eleventh birthday, a great beetle-eyed giant of a man called Rubeus Hagrid bursts in with some astonishing news: Harry Potter is a wizard, and he has a place at Hogwarts School of Witchcraft and Wizardry. An incredible adventure is about to begin!These new editions of the classic and internationally bestselling, multi-award-winning series feature instantly pick-up-able new jackets by Jonny Duddle, with huge child appeal, to bring Harry Potter to the next generation of readers. It's time to PASS THE MAGIC ON .",http://books.google.com/books/content?id=E2swDQAAQBAJ&printsec=frontcover&img=1&zoom=1&source=gbs_api,http://books.google.co.in/books?id=E2swDQAAQBAJ&dq=isbn:9781408855652&hl=&source=gbs_api
The Hidden Oracle,3,Rick Riordan,Puffin Books,2017-05,0,Children's stories,,,"After angering his father Zeus, the god Apollo is cast down from Olympus. He must learn to survive in the modern world until he can somehow find a way to regain Zeus's favor",http://books.google.com/books/content?id=0CsWvgAACAAJ&printsec=frontcover&img=1&zoom=1&source=gbs_api,http://books.google.co.in/books?id=0CsWvgAACAAJ&dq=isbn:9780141363929&hl=&source=gbs_api
Dark Prophecy,3,Rick Riordan,Puffin Books,30-04-2018,0,Juvenile Fiction,,,"The god Apollo, cast down to earth and trapped in the form of a gawky teenage boy as punishment, must set off on the second of his harrowing (and hilarious) trials. He and his companions seek the ancient oracles, and restoring them is the only way for Apollo to reclaim his place on Mount Olympus - but this is easier said than done. Standing in Apollo's way is the second member of the evil Triumvirate - a Roman emperor with a love of bloodshed and spectacle. To survive the encounter, Apollo will need the help of a now-mortal goddess, a bronze dragon, and some familiar demigod faces from Camp Half-Blood. With them by his side, can Apollo face down the greatest challenge of his four thousand years of existence?",http://books.google.com/books/content?id=jRgrtAEACAAJ&printsec=frontcover&img=1&zoom=1&source=gbs_api,http://books.google.co.in/books?id=jRgrtAEACAAJ&dq=isbn:9780141363967&hl=&source=gbs_api
The Burning Maze (the Trials of Apollo Book 3),3,Rick Riordan,Puffin Books,27-04-2019,0,Juvenile Fiction,5,1,"I WAS A GOD, ONCE. UNTIL I WAS CAST OUT BY MY FATHER, ZEUS. NOW I'M AN AWKWARD MORTAL TEENAGER CALLED LESTER. My way out? A series of scary and dangerous trials, of course. For my third mission, I must- Journey through the Labyrinth to free an Oracle who only speaks in puzzles. Which sounds easy. Then, defeat the most vicious of three very vicious Roman Emperors. Is that all? No, I have to do everything without any of my godly powers. Wonderful. Looks like I'll need all the help I can get - from new friends, and old . . .",http://books.google.com/books/content?id=BXHPugEACAAJ&printsec=frontcover&img=1&zoom=1&source=gbs_api,http://books.google.co.in/books?id=BXHPugEACAAJ&dq=isbn:9780141364018&hl=&source=gbs_api
The Tyrant's Tomb (The Trials of Apollo Book 4),3,Rick Riordan,Puffin Books,18-08-2020,0,Juvenile Fiction,,,"You will get to the Tiber alive. You will start to Jive. The former God Apollo is having a pretty rough time of it. Well, for one thing, he's called Lester. But being an awkward mortal teenager is the least of his worries. Though he and his friends (some of them) have emerged from the Burning Maze, they still have a triumvirate to defeat, oracles to rescue, and prophecies to decipher, so that the world may be saved, and Lester can become Apollo once again. But, right now, Nero, Caligula and Commodus are sailing to San Francisco with a massive army - and an overwhelming desire to destroyCamp Jupiter and everyone in it. Unfortunately, our only chance of salvation lies in the forgotten tomb of another psychotic ruler. You thought the emperors were scary? Wait till you meet the last king of Rome ...",http://books.google.com/books/content?id=Z8cFzAEACAAJ&printsec=frontcover&img=1&zoom=1&source=gbs_api,http://books.google.co.in/books?id=Z8cFzAEACAAJ&dq=isbn:9780141364056&hl=&source=gbs_api
The Tower of Nero (the Trials of Apollo Book 5),3,Rick Riordan,Puffin Books,2021,0,Juvenile Fiction,,,"It's time to face the final trial . . . The battle for Camp Jupiter is over. New Rome is safe. Tarquin and his army of the undead have been defeated. Somehow Apollo has made it out alive, with a little bit of help from the Hunters of Artemis. But though the battle may have been won, the war is far from over. Now Apollo and Meg must get ready for the final - and, let's face it, probably fatal - adventure. They must face the last emperor, the terrifying Nero, and destroy him once and for all. Can Apollo find his godly form again? Will Meg be able to face up to her troubled past? Destiny awaits . . .",http://books.google.com/books/content?id=bjoozgEACAAJ&printsec=frontcover&img=1&zoom=1&source=gbs_api,http://books.google.co.in/books?id=bjoozgEACAAJ&dq=isbn:9780141364094&hl=&source=gbs_api
Scott Pilgrim Vs. the World,4.5,Bryan Lee O'Malley,HarperCollins UK,2010,212,Comics & Graphic Novels,2,1,The second Scott Pilgrim volume!,http://books.google.com/books/content?id=VeWkEXEo_n0C&printsec=frontcover&img=1&zoom=1&source=gbs_api,http://books.google.co.in/books?id=VeWkEXEo_n0C&dq=isbn:9780007340484&hl=&source=gbs_api
Dark Matter,3.5,Blake Crouch,Pan Books,24-08-2017,416,Fiction,,,"'Brilliant. . . I think Blake Crouch just invented something new.' - Lee ChildFrom Blake Crouch, the author of the bestselling Wayward Pines trilogy, Dark Matter is a New York Times bestselling, relentlessly twisting thriller about how far we'll go to claim the lives we dream of.'Are you happy in your life?'Those are the last words Jason Dessen hears before the masked abductor knocks him unconscious. Before he awakes to find himself strapped to a gurney, surrounded by strangers in hazmat suits. Before the man he's never met smiles down at him and says, 'Welcome back.'In this world he's woken up to, Jason's life is not the one he knows. His wife is not his wife. His son was never born. And Jason is not an ordinary college physics professor, but a celebrated genius who has achieved something remarkable. Something impossible.Is it this world or the other that's the dream? And even if the home he remembers is real, how can Jason possibly make it back to the family he loves? The answers lie in a journey more wondrous and horrifying than anything he could've imagined - one that will force him to confront the darkest parts of himself even as he battles a terrifying, seemingly unbeatable foe.From the author of the bestselling 'Wayward Pines' trilogy, Dark Matter is a brilliantly plotted tale that is at once sweeping and intimate, mind-bendingly strange and profoundly human - a relentlessly surprising thriller about choices, paths not taken, and how far we'll go to claim the lives we dream of.",http://books.google.com/books/content?id=xe9SvgAACAAJ&printsec=frontcover&img=1&zoom=1&source=gbs_api,http://books.google.co.in/books?id=xe9SvgAACAAJ&dq=isbn:9781447297581&hl=&source=gbs_api
"Chainsaw Man, Vol. 1",4,Tatsuki Fujimoto,VIZ Media LLC,06-10-2020,192,Comics & Graphic Novels,,,"Broke young man + chainsaw dog demon = Chainsaw Man! Denji was a small-time devil hunter just trying to survive in a harsh world. After being killed on a job, Denji is revived by his pet devil-dog Pochita and becomes something new and dangerous‚ÄîChainsaw Man! Denji‚Äôs a poor young man who‚Äôll do anything for money, even hunting down devils with his pet devil-dog Pochita. He‚Äôs a simple man with simple dreams, drowning under a mountain of debt. But his sad life gets turned upside down one day when he‚Äôs betrayed by someone he trusts. Now with the power of a devil inside him, Denji‚Äôs become a whole new man‚ÄîChainsaw Man!",http://books.google.com/books/content?id=gnVVzQEACAAJ&printsec=frontcover&img=1&zoom=1&source=gbs_api,http://books.google.co.in/books?id=gnVVzQEACAAJ&dq=isbn:9781974709939&hl=&source=gbs_api
Recursion,3,Blake Crouch,Pan Books,09-01-2020,0,Fiction,,,"'My son has been erased, ' the last words a woman tells Barry Sutton, before she leaps from the Manhattan rooftop. What if you could rewrite your life? Memory makes reality. That's what NYC cop Barry Sutton is learning, as he investigates the devastating phenomenon the media has dubbed False Memory Syndrome, a mysterious affliction that drives its victims mad with memories of a life they never lived. That's what neuroscientist Helena Smith believes. It's why she's dedicated her life to creating a technology that will let us preserve our most precious memories. If she succeeds, anyone will be able to re-experience a first kiss, the birth of a child, the final moment with a dying parent. As Barry searches for the truth, he comes face to face with an opponent more terrifying than any disease, a force that attacks not just our minds, but the very fabric of the past. And as its effects begin to unmake the world as we know it, only he and Helena, working together, will stand a chance at defeating it. But how can they make a stand when reality itself is shifting and crumbling all around them?",http://books.google.com/books/content?id=pFt9xgEACAAJ&printsec=frontcover&img=1&zoom=1&source=gbs_api,http://books.google.co.in/books?id=pFt9xgEACAAJ&dq=isbn:9781509866670&hl=&source=gbs_api
Dune,3,Frank Herbert,National Geographic Books,01-09-1990,0,Fiction,,,"NOW A MAJOR MOTION PICTURE directed by Denis Villeneuve, starring Timoth√©e Chalamet, Zendaya, Jason Momoa, Rebecca Ferguson, Oscar Isaac, Josh Brolin, Stellan Skarsg√•rd, Dave Bautista, David Dastmalchian, Stephen McKinley Henderson, Chang Chen, Sharon Duncan-Brewster, Charlotte Rampling, and Javier Bardem. Frank Herbert‚Äôs classic masterpiece‚Äîa triumph of the imagination and one of the bestselling science fiction novels of all time. Set on the desert planet Arrakis, Dune is the story of the boy Paul Atreides, heir to a noble family tasked with ruling an inhospitable world where the only thing of value is the ‚Äúspice‚Äù melange, a drug capable of extending life and enhancing consciousness. Coveted across the known universe, melange is a prize worth killing for.... When House Atreides is betrayed, the destruction of Paul‚Äôs family will set the boy on a journey toward a destiny greater than he could ever have imagined. And as he evolves into the mysterious man known as Muad‚ÄôDib, he will bring to fruition humankind‚Äôs most ancient and unattainable dream. A stunning blend of adventure and mysticism, environmentalism and politics, Dune won the first Nebula Award, shared the Hugo Award, and formed the basis of what is undoubtedly the grandest epic in science fiction.",http://books.google.com/books/content?id=PaWNEAAAQBAJ&printsec=frontcover&img=1&zoom=1&source=gbs_api,http://books.google.co.in/books?id=PaWNEAAAQBAJ&dq=isbn:9780441172719&hl=&source=gbs_api
The World's Favourite Agatha Christie,3,Agatha Christie,,2015,,"Detective and mystery stories,  Classic Literature, Murder",,,"CLASSIC FICTION (PRE C 1945). A boxed set of the three books that have been confirmed in a popular vote as the World's Favourite Agatha Christie novels. In a worldwide poll to mark the Queen of Crime's 125th birthday on 15 September 2015, three books stood out as clear favourites amongst Christie fans past and present. And Then There Were None, Agatha Christie's 1939 standalone novel, was voted the World's Favourite Christie, collecting 21% of more than 15,000 votes cast. The runners up were Murder on the Orient Express with 15% and The Murder of Roger Ackroyd - one of Christie's personal favourites - with nearly 10%. Voters were asked to choose their favourite title from the full Christie canon via www.worldsfavouritechristie.com And Then There Were None was Agatha Christie's most successful book. With over 100 million copies sold worldwide, it is also the bestselling crime novel of all time.",,http://books.google.co.in/books?id=BazgzQEACAAJ&dq=isbn:9780007527502&hl=&source=gbs_api
Sita,3,Amish Tripathi,Westland Publication Limited,2017,0,FICTION,3,2,"In this second book of the series, you will follow Lady Sita's journey from an Adopted Child to the Prime Minister to finding her true calling. She is the warrior we need. The Goddess we await. She will defend Dharma. She will protect us. India, 3400 BCE. India is beset with divisions, resentment, and poverty. The people hate their rulers. They despise their corrupt and selfish elite. Raavan, the demon king of Lanka, grows increasingly powerful, sinking his fangs deeper into the hapless Sapt Sindhu. Two powerful tribes, the protectors of the divine land of India, decide that enough is enough. A savior is needed. They begin their search. An abandoned baby is found in a field. Protected by a vulture from a pack of murderous wolves. She is adopted by the ruler of Mithila, a powerless kingdom, ignored by all. Nobody believes this child will amount to much. But they are wrong. For she is no ordinary girl. She is Sita.",http://books.google.com/books/content?id=GJPjtAEACAAJ&printsec=frontcover&img=1&zoom=1&source=gbs_api,http://books.google.co.in/books?id=GJPjtAEACAAJ&dq=isbn:9789386224583&hl=&source=gbs_api
Scion of Ikshvaku,2.5,Amish Tripathi,Westland Publication Limited,2015,0,Hindu mythology,,,"3400 BCE. INDIA Ayodhya is weakened by divisions. A terrible war has taken its toll. The damage runs deep. The demon King of Lanka, Raavan, does not impose his rule on the defeated. He, instead, imposes his trade. Money is sucked out of the empire. The Sapt Sindhu people descend into poverty, despondency and corruption. They cry for a leader to lead them out of the morass. Little do they appreciate that the leader is among them. One whom they know. A tortured and ostracised prince. A prince they tried to break. A prince called Ram. He loves his country, even when his countrymen torment him. He stands alone for the law. His band of brothers, his Sita, and he, against the darkness of chaos. Will Ram rise above the taint that others heap on him? Will his love for Sita sustain him through his struggle? Will he defeat the demon Lord Raavan who destroyed his childhood? Will he fulfil the destiny of the Vishnu? Begin an epic journey with Amish's latest: the Ram Chandra Series.",http://books.google.com/books/content?id=SbLrjgEACAAJ&printsec=frontcover&img=1&zoom=1&source=gbs_api,http://books.google.co.in/books?id=SbLrjgEACAAJ&dq=isbn:9789385152146&hl=&source=gbs_api
Raavan,3.5,Amish Tripathi,Westland Publication Limited,2019,0,FICTION,4.5,2,"WITHOUT THE DARKNESS, LIGHT HAS NO PURPOSE. WITHOUT THE VILLAIN, WHAT WOULD THE GODS DO? INDIA, 3400 BCE. A land in tumult, poverty and chaos. Most people suffer quietly. A few rebel. Some fight for a better world. Some for themselves. Some don't give a damn. Raavan. Fathered by one of the most illustrious sages of the time. Blessed by the Gods with talents beyond all. Cursed by fate to be tested to the extremes. A formidable teenage pirate, he is filled with equal parts courage, cruelty and fearsome resolve. A resolve to be a giant among men, to conquer, plunder, and seize the greatness that he thinks is his right. A man of contrasts, of brutal violence and scholarly knowledge. A man who will love without reward and kill without remorse. This exhilarating third book of the Ram Chandra series sheds light on Ravaan, the king of Lanka. And the light shines on darkness of the darkest kind. Is he the greatest villain in history or just a man in a dark place, all the time? Read the epic tale of one of the most complex, violent, passionate and accomplished men of all time.",http://books.google.com/books/content?id=p4OhxgEACAAJ&printsec=frontcover&img=1&zoom=1&source=gbs_api,http://books.google.co.in/books?id=p4OhxgEACAAJ&dq=isbn:9789388754088&hl=&source=gbs_api
Immortals of Meluha,3.5,Amish Tripathi,Westland Publication Limited,2010,411,Fiction,5,2,"This is the first book in a trilogy on Shiva, the simple man whose karma re-cast his as our Mahadev, the God of Gods.",http://books.google.com/books/content?id=MlJyAQAACAAJ&printsec=frontcover&img=1&zoom=1&source=gbs_api,http://books.google.co.in/books?id=MlJyAQAACAAJ&dq=isbn:9789380658742&hl=&source=gbs_api
Secret of The Nagas,3,Amish Tripathi,Westland Publication Limited,2011-05,395,Fiction,5,1,"Today, He is a God. 4000 years ago, He was just a man. The hunt is on. The sinister Naga warrior has killed his friend Brahaspati and now stalks his wife Sati. Shiva, the Tibetan immigrant who is the prophesied destroyer of evil, will not rest till he finds his demonic adversary. His vengeance and the path to evil will lead him to the door of the Nagas, the serpent people. Of that he is certain. The evidence of the malevolent rise of evil is everywhere. A kingdom is dying as it is held to ransom for a miracle drug. A crown prince is murdered. The Vasudevs - Shiva's philosopher guides - betray his unquestioning faith as they take the aid of the dark side. Even the perfect empire, Meluha is riddled with a terrible secret in Maika, the city of births. Unknown to Shiva, a master puppeteer is playing a grand game. In a journey that will take him across the length and breadth of ancient India, Shiva searches for the truth in a land of deadly mysteries - only to find that nothing is what it seems. Fierce battles will be fought. Surprising alliances will be forged. Unbelievable secrets will be revealed in this second book of the Shiva Trilogy, the sequel to the #1 national bestseller, The Immortals of Meluha.",http://books.google.com/books/content?id=0jaXswEACAAJ&printsec=frontcover&img=1&zoom=1&source=gbs_api,http://books.google.co.in/books?id=0jaXswEACAAJ&dq=isbn:9789381626344&hl=&source=gbs_api
The Oath of the Vayuputras,3,Amish Tripathi,Westland Publication Limited,2013,575,Fiction,,,"EVIL HAS RISEN. ONLY A GOD CAN STOP iT. Shiva is gathering his forces, he reaches the Naga capital, Panchavati, and Evil is finally revealed. The Neelkanth prepares for a holy war against his true enemy, a man whose name instils dread in the fiercest of warriors. India convulses under the onslaught of a series of brutal battles. it's a war for the very soul of the nation. many will die. But Shiva must not fail, no matter what the cost in his desperation, he reaches out to the ones who have never offered any help to him: the Vayuputras. Will he succeed? And what will be the real cost of battling Evil? To india? And to Shiva's soul? Discover the answer to these mysteries in this concluding part of the bestselling Shiva Trilogy",http://books.google.com/books/content?id=9B8ftAEACAAJ&printsec=frontcover&img=1&zoom=1&source=gbs_api,http://books.google.co.in/books?id=9B8ftAEACAAJ&dq=isbn:9789382618348&hl=&source=gbs_api
The Perks of Being a Wallflower,5,Stephen Chbosky,Simon and Schuster,14-08-2012,240,Fiction,4.5,4,Original publication and copyright date: 1999.,http://books.google.com/books/content?id=pK0X5FyUs28C&printsec=frontcover&img=1&zoom=1&edge=curl&source=gbs_api,http://books.google.co.in/books?id=pK0X5FyUs28C&dq=isbn:9781451696196&hl=&source=gbs_api
The Hitchhiker's Guide to the Galaxy,4,Douglas Adams,Pan Books,20-11-1995,732,"Science Fiction, Humorous, Action, Adventure, Fiction",5,1,"In one complete volume, here are the five classic novels from Douglas Adamsís beloved Hitchhiker series.

Now celebrating the pivotal 42nd anniversary of The Hitchhikerís Guide to the Galaxy, soon to be a Hulu original series!

The Hitchhikerís Guide to the Galaxy (Nominated as one of Americaís best-loved novels by PBSís The Great American Read)
Seconds before the Earth is demolished for a galactic freeway, Arthur Dent is saved by Ford Prefect, a researcher for the revised Guide. Together they stick out their thumbs to the stars and begin a wild journey through time and space.

The Restaurant at the End of the Universe
The moment before annihilation at the hands of warmongers is a curious time to crave tea. It could only happen to the cosmically displaced Arthur Dent and his comrades as they hurtle across the galaxy in a desperate search for a place to eat.

Life, the Universe and Everything
The unhappy inhabitants of planet Krikkit are sick of looking at the night skyñ so they plan to destroy it. The universe, that is. Now only five individuals can avert Armageddon: mild-mannered Arthur Dent and his stalwart crew.

So Long, and Thanks for All the Fish
Back on Earth, Arthur Dent is ready to believe that the past eight years were all just a figment of his stressed-out imagination. But a gift-wrapped fishbowl with a cryptic inscription thrusts him back to reality. So to speak.

Mostly Harmless
Just when Arthur Dent makes the terrible mistake of starting to enjoy life, all hell breaks loose. Can he save the Earth from total obliteration? Can he save the Guide from a hostile alien takeover? Can he save his daughter from herself?

Includes the bonus story ìYoung Zaphod Plays It Safeî",,http://books.google.co.in/books?id=WfxcAgAACAAJ&dq=hitchhiker+guide+to+galaxy&hl=&source=gbs_api
The Complete Sherlock Holmes,3.5,Sir Arthur Conan Doyle,PROJAPOTI,1984,1083,"Detective and mystery stories,  Classic Literature, Murder",4.1,165,"The Adventures of Sherlock Holmes is a collection of twelve short stories by Arthur Conan Doyle, first published on 14 October 1892. It contains the earliest short stories featuring the consulting detective Sherlock Holmes, which had been published in twelve monthly issues of The Strand Magazine from July 1891 to June 1892. The stories are collected in the same sequence, which is not supported by any fictional chronology. The only characters common to all twelve are Holmes and Dr. Watson and all are related in first-person narrative from Watson's point of view.",,http://books.google.co.in/books?id=bFR_vgEACAAJ&dq=isbn:9780600385554&hl=&source=gbs_api
Mysterious Eye of the Dragon (Geronimo Stilton #78),2,Geronimo Stilton,Scholastic Paperbacks,20-07-2021,132,Juvenile Fiction,3,1,"When you're with Geronimo Stilton, it's always a fabumouse adventure! My sister Thea and my cousin Trap were not getting along! When grandfather found them arguing over who would get to join me on a trip to Brazil, he forced us all to go together. My friend Isabela needed my help finding a mysterious emerald. Could Trap and Thea stop shouting their snouts off long enough to help find the stone?",http://books.google.com/books/content?id=ZxYCEAAAQBAJ&printsec=frontcover&img=1&zoom=1&edge=curl&source=gbs_api,https://play.google.com/store/books/details?id=ZxYCEAAAQBAJ&source=gbs_api
The Metamorphosis (Legend Classics),4,Franz Kafka,Legend Press Ltd,01-06-2017,62,Fiction,,,"One of the seminal works of fiction of the 20th century, The Metamorphosis finds traveling salesman, Gregor Samsa, inexplicably transformed into a large, monstrous insect-like creature.",http://books.google.com/books/content?id=C2_BDgAAQBAJ&printsec=frontcover&img=1&zoom=1&edge=curl&source=gbs_api,https://play.google.com/store/books/details?id=C2_BDgAAQBAJ&source=gbs_api
The Stranger,4,Albert Camus,Gallimard,2024-04,0,Fiction,,,,http://books.google.com/books/content?id=Df290AEACAAJ&printsec=frontcover&img=1&zoom=1&source=gbs_api,http://books.google.co.in/books?id=Df290AEACAAJ&dq=isbn:9789362764850&hl=&source=gbs_api
"Percy Jackson and the Olympians, Book One: Lightning Thief, The (Movie Tie-In Edition)",4.5,Rick Riordan,Puffin Books,05-01-2010,400,Juvenile Fiction,,,"After learning that the father he never knew is Poseidon, God of the Sea, Percy Jackson is sent to Camp Half-Blood, a summer camp for demigods, and becomes involved in a quest to prevent a catastrophic war between the gods.",http://books.google.com/books/content?id=sAOJngEACAAJ&printsec=frontcover&img=1&zoom=1&source=gbs_api,http://books.google.co.in/books?id=sAOJngEACAAJ&dq=isbn:9781423134947&hl=&source=gbs_api
Percy Jackson and the Sea of Monsters,4,Rick Riordan,Puffin Books,2013,0,Juvenile Nonfiction,5,1,"Percy Jackson - the son of Poseidon - has had an unnervingly quiet school year. But then he discovers that the magical borders protecting Half Blood Hill, a summer camp dedicated to training young demi-gods, are failing. Unless something is done, the camp will be attacked by demons and monsters.",http://books.google.com/books/content?id=EtSWmgEACAAJ&printsec=frontcover&img=1&zoom=1&source=gbs_api,http://books.google.co.in/books?id=EtSWmgEACAAJ&dq=isbn:9780141346847&hl=&source=gbs_api
Percy Jackson and the Titan's Curse,4.5,Rick Riordan,Puffin Books,2013,0,"Animals, Mythical",,,"When the goddess Artemis disappears while hunting a rare, ancient monster, a group of her followers joins Percy and his friends in an attempt to find and rescue her before the winter solstice, when her influence is needed to sway the Olympian Council regarding the war with the Titans.",http://books.google.com/books/content?id=WDhKlAEACAAJ&printsec=frontcover&img=1&zoom=1&source=gbs_api,http://books.google.co.in/books?id=WDhKlAEACAAJ&dq=isbn:9780141346816&hl=&source=gbs_api
Percy Jackson and the Battle of the Labyrinth,4,Rick Riordan,Puffin Books,2013,0,Adventure stories,,,"After blowing up yet another school, Percy is forced to flee to Camp Half Blood, where he finds all is not well. A dangerous enemy, intent on destroying the secret training camp for young demi-gods, has found a way in through an ancient labyrinth. Percy and his friends must unravel the mysteries of the maze to stop this attack.",http://books.google.com/books/content?id=FeSOmgEACAAJ&printsec=frontcover&img=1&zoom=1&source=gbs_api,http://books.google.co.in/books?id=FeSOmgEACAAJ&dq=isbn:9780141346830&hl=&source=gbs_api
Percy Jackson and the Greek Gods,5,Rick Riordan,Puffin Books,07-05-2015,0,Children's stories,,,"A publisher in New York asked me to write down what I know about the Greek gods, and I was like, Can we do this anonymously? Because I don't need the Olympians mad at me again. But if it helps you to know your Greek gods, and survive an encounter with them if they ever show up in your face, then I guess writing all this down will be my good deed for the week. So begins Percy Jackson's Greek Gods, in which the son of Poseidon adds his own magic--and sarcastic asides--to the classics. He explains how the world was created, then gives readers his personal take on a who's who of ancients, from Apollo to Zeus. Percy does not hold back. ""If you like horror shows, blood baths, lying, stealing, backstabbing, and cannibalism, then read on, because it definitely was a Golden Age for all that."" This novel-sized paperback, complete with an insert of full-color illustrations by Caldecott Honoree John Rocco, is portable and friendly, and the ideal way to introduce young readers to the classic stories. Praise for Percy Jackson's Greek Gods ""Percy's gift, which is no great secret, is to breathe new life into the gods. Closest attention is paid to the Olympians, but Riordan has a sure touch when it comes to fitting much into a small space-as does Rocco's artwork, which smokes and writhes on the page as if hit by lightning. . .The inevitable go-to for Percy's legions of fans who want the stories behind his stories."" -Kirkus Reviews ""The age-old stories are endlessly strong, resonant, and surprising, while the telling here is fresh, irreverent, and amusing. Percy's voice. . . John Rocco illustrates the myths with drama, verve, and clarity. A must-have addition to the Percy Jackson canon."" -Booklist Online ""Combining the sarcasm and wit of Percy Jackson with the original Greek myths is a great way to hook tweens and teens on the stories without boring them. The beautiful illustrations by John Rocco enhance each story. . ."" -VOYA",http://books.google.com/books/content?id=eBTaoQEACAAJ&printsec=frontcover&img=1&zoom=1&source=gbs_api,http://books.google.co.in/books?id=eBTaoQEACAAJ&dq=isbn:9780141358680&hl=&source=gbs_api
Percy Jackson and the Greek Heroes,5,Rick Riordan,Puffin Books,2016,0,Juvenile Fiction,,,"Who cut off Medusa's head? Who was raised by a she-bear? Who tamed Pegasus? It takes a demigod to know, and Percy Jackson can fill you in on the all the daring deeds of Perseus, Atalanta, Bellerophon, and the rest of the major Greek heroes. Told in the funny, irreverent style readers have come to expect from Percy, (I've had some bad experiences in my time, but the heroes I'm going to tell you about were the original old school hard luck cases. They boldly screwed up where no one had screwed up before. . .) and enhanced with vibrant artwork by Caldecott Honoree John Rocco, this story collection will become the new must-have classic for Rick Riordan's legions of devoted fans--and for anyone who needs a hero. So get your flaming spear. Put on your lion skin cape. Polish your shield and make sure you've got arrows in your quiver. We're going back about four thousand years to decapitate monsters, save some kingdoms, shoot a few gods in the butt, raid the Underworld, and steal loot from evil people. Then, for dessert, we'll die painful tragic deaths. Ready? Sweet. Let's do this.",http://books.google.com/books/content?id=QMs9jgEACAAJ&printsec=frontcover&img=1&zoom=1&source=gbs_api,http://books.google.co.in/books?id=QMs9jgEACAAJ&dq=isbn:9780141362250&hl=&source=gbs_api
"Kane Chronicles, The, Book One: The Red Pyramid",2,Rick Riordan,Puffin Books,04-05-2010,540,Juvenile Fiction,4.5,77,"Since their mother's death, Carter and Sadie have become near strangers. While Sadie has lived with her grandparents in London, her brother has traveled the world with their father, the brilliant Egyptologist, Dr. Julius Kane. One night, Dr. Kane brings the siblings together for a ""research experiment"" at the British Museum, where he hopes to set things right for his family. Instead, he unleashes the Egyptian god Set, who banishes him to oblivion and forces the children to flee for their lives. From the creator of the hit Percy Jackson series.",http://books.google.com/books/content?id=rYGJELZ1Y4QC&printsec=frontcover&img=1&zoom=1&source=gbs_api,http://books.google.co.in/books?id=rYGJELZ1Y4QC&dq=isbn:9781423142492&hl=&source=gbs_api
The Throne of Fire,2,Rick Riordan,Puffin Books,2012,452,Adventure stories,,,Carter and Sadie must outsmart the House of Life and the gods of chaos in order to complete their worldwide search for an ancient Egyptian book.,http://books.google.com/books/content?id=HyB3tAEACAAJ&printsec=frontcover&img=1&zoom=1&source=gbs_api,http://books.google.co.in/books?id=HyB3tAEACAAJ&dq=isbn:9781484495261&hl=&source=gbs_api
The Serpent's Shadow,2,Rick Riordan,Puffin Books,2013,0,Juvenile Fiction,,,"Carter and Sadie Kane face the impossible task of defeating Apophis, the serpent of chaos, before he can destroy the mortal world. Unfortunately, the magicians of the House of Life are on the brink civil war, the Gods are divided, and the young initiates of Brooklyn House stand almost alone against the forces of chaos.",http://books.google.com/books/content?id=8JZ-MgEACAAJ&printsec=frontcover&img=1&zoom=1&source=gbs_api,http://books.google.co.in/books?id=8JZ-MgEACAAJ&dq=isbn:9780141335704&hl=&source=gbs_api
The Lost Hero,4,Rick Riordan,Puffin Books,25-01-2012,526,Juvenile Nonfiction,3.5,9,"When Jason, Piper and Leo crash land at Camp Half-Blood, they have no idea what to expect. Apparently this is the only safe place for children of the Greek Gods - despite the monsters roaming the woods and demigods practising archery with flaming arrows and explosives.",http://books.google.com/books/content?id=jtmlYMvWsnEC&printsec=frontcover&img=1&zoom=1&source=gbs_api,http://books.google.co.in/books?id=jtmlYMvWsnEC&dq=isbn:9780141325491&hl=&source=gbs_api
Heroes of Olympus,4,Rick Riordan,Penguin Books Limited,2017,519,,,,,,http://books.google.co.in/books?id=8mDyswEACAAJ&dq=isbn:9780241335536&hl=&source=gbs_api
The Mark of Athena,4.5,Rick Riordan,Penguin Books Limited,2012,584,Camps,5,1,"One fatal prophecy. Seven brace demigods. A quest to find - and close - the doors of death. Annabeth and her friends Piper, Jason and Leo have landed at camp Jupiter with one mission in mind. The time has come for Roman and Greek demigods to unite. With Percy Jackson, Hazel and Frank by their side, they must combine forces to find - and close - the Doors of Death. But Annabeth is hiding a secret - a command from her mother, the goddess of war and wisdom: 'Follow the Mark of Athena, Avenge me.' Annabeth is already risking her life . . . What more does Athena want her daughter to do? Now the seven demigods must begin their quest across land and sea to Rome, but what will they have to sacrifice this time - and what unspeakable horrors await?",http://books.google.com/books/content?id=w-kCtwAACAAJ&printsec=frontcover&img=1&zoom=1&source=gbs_api,http://books.google.co.in/books?id=w-kCtwAACAAJ&dq=isbn:9780141335759&hl=&source=gbs_api
The House of Hades,5,Rick Riordan,Penguin Books Limited,01-01-2013,597,Camps,5,8,"A thousand deadly monsters. Three battling demigods. One fatal decision. Hazel looked behind Hecate at the middle gateway. She saw Percy and Annabeth sprawled helplessly before those black-and-silver doors. A massive dark shape, vaguely humanoid, now loomed over them, its foot raised as if to crush Percy. 'What about them?' Hazel asked, her voice ragged. 'Percy and Annabeth?' Hecate shrugged. 'West, east or south . . . they die.' 'Not an option,' Hazel said. 'Then you have only one path - and that's the most dangerous of all . . .' Rick Riordan is the Myth Master The Greek Gods are alive and kicking - go to www.rickroirdanmythmaster.co.uk and see for yourself.",http://books.google.com/books/content?id=bcPflgEACAAJ&printsec=frontcover&img=1&zoom=1&source=gbs_api,http://books.google.co.in/books?id=bcPflgEACAAJ&dq=isbn:9780141339191&hl=&source=gbs_api
The Blood of Olympus,3.5,Rick Riordan,Penguin Books Limited,2014,592,Children's stories,,,"Seven heroic demigods. One final quest. The greatest sacrifice yet. 'The ruins are up there,' Piper promised. 'I saw them in Katoptris's blade. And you heard what Hazel said. 'The biggest' - ' ''The biggest gathering of evil spirits I've ever sensed.'' Jason recalled. 'Yeah, sounds awesome.' After battling through the underground temple of Hades, the last thing Jason wanted was to deal with more evil spirits. But the fate of the quest was at stake. The crew of the Argo IIhas a big decision to make. If they chose wrong, they would fail, and the entire world would be destroyed . . .",http://books.google.com/books/content?id=xC9fvgEACAAJ&printsec=frontcover&img=1&zoom=1&source=gbs_api,http://books.google.co.in/books?id=xC9fvgEACAAJ&dq=isbn:9780141339252&hl=&source=gbs_api
Magnus Chase and the Sword of Summer,3.5,Rick Riordan,Penguin Books Limited,2016,0,Boston (Mass.),,,"Magnus Chase has always been a troubled kid. Since his mother's mysterious death, he's lived alone on the streets of Boston, surviving by his wits. One day, he's tracked down by an uncle he's never met - who tells him an impossible secret- Magnus is the son of a Norse god. The Viking myths are true. The gods of Asgard are preparing for war. Trolls, giants and worse monsters are stirring for doomsday. To prevent Ragnarok, Magnus must search the Nine Worlds for a weapon that has been lost for thousands of years.",http://books.google.com/books/content?id=g-GkjwEACAAJ&printsec=frontcover&img=1&zoom=1&source=gbs_api,http://books.google.co.in/books?id=g-GkjwEACAAJ&dq=isbn:9780141342443&hl=&source=gbs_api
Magnus Chase and the Hammer of Thor,3.5,Rick Riordan,Penguin Books Limited,2016-10,528,,,,"""My name is Magnus Chase. Two months ago I died fighting a Fire Giant and woke up in Hotel Valhalla as one of Odin's warriors. Time for a rest? I wish. When I meet Otis, an informant with a lead on Thor's missing hammer, all I get is the name 'Provincetown' before a wolf-masked assassin takes him out and warns me to stay away. Someone really doesn't want me to find the hammer, and even if I could it's rumoured to be underground, guarded by powerful magic. But the giant armies are on the move, preparing to invade. If I don't find it, they'll ravage the Nine Worlds, starting with the streets of Boston. There's just one person who could help. Someone who demands a very high price- the gods' worst enemy, Loki.""",http://books.google.com/books/content?id=96MnjwEACAAJ&printsec=frontcover&img=1&zoom=1&source=gbs_api,http://books.google.co.in/books?id=96MnjwEACAAJ&dq=isbn:9780141342559&hl=&source=gbs_api
Magnus Chase and the Ship of the Dead (Book 3),3.5,Rick Riordan,Penguin Books Limited,03-10-2017,449,Juvenile Fiction,4,6,"Rick Riordan's Norse hero faces his greatest challenge yet in the final instalment of the series. Loki the trickster god is free from his chains. Now he's readying Naglfar, the Ship of the Dead, armed with a host of giants and zombies, to sail against the Norse gods and begin the final battle of Ragnarok. It's up to Magnus Chase and his friends to stop Loki's plans, but to do so they will have to sail across the oceans of Midgard, Jotunheim and Niflheim in a desperate race to reach Naglfar before it's ready to sail on Midsummer's Day. Along the way, they will face angry sea gods, hostile giants, and an evil fire-breathing dragon who happens to be a former acquaintance. But Magnus's biggest challenge will be facing his own inner demons. To defeat Loki, Magnus will need to use words, not force. This will require finding a magical elixir so deadly that it will either make Magnus Chase powerful enough to out-talk the silver-tongued Loki, or destroy Magnus utterly.",http://books.google.com/books/content?id=-t8lDwAAQBAJ&printsec=frontcover&img=1&zoom=1&edge=curl&source=gbs_api,https://play.google.com/store/books/details?id=-t8lDwAAQBAJ&source=gbs_api
Brooklyn House Magician's Manual,3,Rick Riordan,Penguin Books Limited,03-05-2018,170,Juvenile Fiction,5,1,"Greetings, initiate! Carter Kane, here. Congratulations on reaching Brooklyn House in one piece. You are quite clearly descended from Egyptian royalty, with magical powers gifted from the gods. But what good is power without knowing how to use it? That's where this training manual comes in. It's packed with quizzes, stories and inside info on the Ancient Egyptian deities. For those with the blood of the pharaohs, this is your first step down the path of the gods. But beware, anything can happen in the world of Egyptian magic . . . Forming a trio with HOTEL VALHALLA and CAMP HALF-BLOOD CONFIDENTIAL, this companion guide gives readers the inside scoop on Brooklyn House - the safe haven in New York for magicians like Carter and Sadie Kane.",http://books.google.com/books/content?id=Ksc8DwAAQBAJ&printsec=frontcover&img=1&zoom=1&edge=curl&source=gbs_api,https://play.google.com/store/books/details?id=Ksc8DwAAQBAJ&source=gbs_api
,3.381355932,,,,,,,,,,
,0.816526406,,,,,,,,,,
